Date,0
2019-01-24,
2019-01-25,0.007721604757588377
2019-01-28,-0.0029617166148274586
2019-01-29,0.0030178474324972122
2019-01-30,0.01170592359021302
2019-01-31,0.008914829682896138
2019-02-01,0.0034849292218927614
2019-02-04,0.005818498414858467
2019-02-05,0.003926188661751349
2019-02-06,-0.0019617264191778517
2019-02-07,-0.004221320914150336
2019-02-08,0.0019657085142058923
2019-02-11,0.003114299225860903
2019-02-12,0.011085591847804669
2019-02-13,0.00446967610672574
2019-02-14,-0.002813297855449049
2019-02-15,0.010848396390298066
2019-02-19,0.0024070233237927074
2019-02-20,0.004447602431194268
2019-02-21,-0.002192373975932992
2019-02-22,0.0061789185189051795
2019-02-25,-0.0009300432273723235
2019-02-26,-0.001909667953599431
2019-02-27,-0.0005633921066754659
2019-02-28,-0.0014504857174130854
2019-03-01,0.006146660373255212
2019-03-04,-0.0033180929240603104
2019-03-05,-0.0021695254984629504
2019-03-06,-0.007405906458979106
2019-03-07,-0.0073194572835157306
2019-03-08,-0.00286566273919007
2019-03-11,0.01308272948000328
2019-03-12,0.0026503313454647277
2019-03-13,0.006614650182931404
2019-03-14,-0.0012894053665484493
2019-03-15,0.0042827179406646435
2019-03-18,0.0042972572361029485
2019-03-19,-0.0012842627474319629
2019-03-20,-0.006882068500064877
2019-03-21,0.011456539166236531
2019-03-22,-0.02005267556667001
2019-03-25,8.616905950019348e-05
2019-03-26,0.007902034958719231
2019-03-27,-0.0032478047422034883
2019-03-28,0.004773487292521984
2019-03-29,0.006917666280058743
2019-04-01,0.011936330743442867
2019-04-02,-0.0013930276337760874
2019-04-03,0.0033549326494576727
2019-04-04,0.003928111909024104
2019-04-05,0.0064220714957482555
2019-04-08,0.0003028850809641513
2019-04-09,-0.008013734681226934
2019-04-10,0.005379144239734799
2019-04-11,0.0013229311558014462
2019-04-12,0.007366763622900512
2019-04-15,-0.0013955351857567405
2019-04-16,-0.0007301985347558628
2019-04-17,-0.00757187174896745
2019-04-18,0.002796939184029328
2019-04-22,-0.004033132996956679
2019-04-23,0.008045939955654557
2019-04-24,-0.0003673907612594858
2019-04-25,-0.0038568946389133003
2019-04-26,0.0060378682474083265
2019-04-29,-0.0008866799316366043
2019-04-30,0.0049127501233377025
2019-05-01,-0.009638160867421579
2019-05-02,0.0024355619480760536
2019-05-03,0.008528979851582984
2019-05-06,-0.0038696113409940826
2019-05-07,-0.016260791204466895
2019-05-08,-0.0025409853199368456
2019-05-09,-0.0009742066728129291
2019-05-10,0.004436410804027287
2019-05-13,-0.02220438470761685
2019-05-14,0.008928331451000025
2019-05-15,0.0031370614240639424
2019-05-16,0.006442450007720725
2019-05-17,-0.005505751801857043
2019-05-20,-0.0072076404878248885
2019-05-21,0.01094980824557426
2019-05-22,-0.002969347502480486
2019-05-23,-0.011461108899137817
2019-05-24,0.0014090135783155642
2019-05-28,-0.009931702781272606
2019-05-29,-0.0066369459386714826
2019-05-30,9.704740613563697e-05
2019-05-31,-0.011805207704007645
2019-06-03,0.0074954402624813525
2019-06-04,0.022102611803548992
2019-06-05,0.011661970788452554
2019-06-06,0.005447815409349104
2019-06-07,0.007283054163049378
2019-06-10,0.002800434178591952
2019-06-11,-0.001406584093050565
2019-06-12,-0.0008189341777535777
2019-06-13,0.006127596681305402
2019-06-14,-0.001207514875579573
2019-06-17,-0.0009052534836309056
2019-06-18,0.0063244464119186165
2019-06-19,0.0042855303714960345
2019-06-20,0.009349175920026384
2019-06-21,-0.002508924725359791
2019-06-24,-0.002447354944944804
2019-06-25,-0.006525527800166833
2019-06-26,-0.0016236922889352897
2019-06-27,0.006270437057411009
2019-06-28,0.0077532077968081635
2019-07-01,0.007264399102102108
2019-07-02,0.002384325131315664
2019-07-03,0.008974431232915577
2019-07-05,-0.0015072191297616259
2019-07-08,-0.005479992615755137
2019-07-09,0.00040268187053461385
2019-07-10,0.0014708475792617453
2019-07-11,0.0013938092948024329
2019-07-12,0.007423755920788525
2019-07-15,-0.0013924410618734165
2019-07-16,-0.0011076944421109347
2019-07-17,-0.008604960512654709
2019-07-18,0.004187692580947565
2019-07-19,-0.004288962775514849
2019-07-22,-0.0001489005946104202
2019-07-23,0.008371084453950468
2019-07-24,0.0054097124956939465
2019-07-25,-0.004983859042713805
2019-07-26,0.005331849784863594
2019-07-29,-0.002015388012837847
2019-07-30,-0.0007066939978171279
2019-07-31,-0.009928637338825711
2019-08-01,-0.009243868932777071
2019-08-02,-0.008458698037456224
2019-08-05,-0.027220300431647013
2019-08-06,0.011553192599017404
2019-08-07,0.0011632856519044905
2019-08-08,0.01788238584873927
2019-08-09,-0.006647197161185741
2019-08-12,-0.012251947018961332
2019-08-13,0.013136534358588752
2019-08-14,-0.028796538937777345
2019-08-15,0.0033518235436116473
2019-08-16,0.016244496105172774
2019-08-19,0.010899651774758962
2019-08-20,-0.008509713704397024
2019-08-21,0.00662820193320099
2019-08-22,-0.0007950596707416612
2019-08-23,-0.027280367667675703
2019-08-26,0.008070241636230243
2019-08-27,-0.005558885213971835
2019-08-28,0.009727920780266708
2019-08-29,0.012334180793213322
2019-08-30,0.0016958969658028755
2019-09-03,-0.006103241656351584
2019-09-04,0.011465599071561356
2019-09-05,0.011929677022282486
2019-09-06,0.0027862332894033667
2019-09-09,0.003209936295246626
2019-09-10,-0.0002153151294362254
2019-09-11,0.00659056799909985
2019-09-12,0.001815763309751389
2019-09-13,-0.00012716755319422757
2019-09-16,-0.0030701527785011746
2019-09-17,0.0029143373806648533
2019-09-18,-0.0012456627860434515
2019-09-19,-0.0013048654644506937
2019-09-20,-0.003771171559572115
2019-09-23,0.0005770179111571789
2019-09-24,-0.006640038494767386
2019-09-25,0.0045894250934259756
2019-09-26,-0.0012222567392623407
2019-09-27,-0.0024699165711285108
2019-09-30,0.0044705195303435296
2019-10-01,-0.015175570857868487
2019-10-02,-0.016783627804025706
2019-10-03,0.006943764723542481
2019-10-04,0.012612781540359035
2019-10-07,-0.004437670413127594
2019-10-08,-0.016237201272950412
2019-10-09,0.008892055096129545
2019-10-10,0.007448809393111464
2019-10-11,0.01128750733170238
2019-10-14,-0.0013174802872378856
2019-10-15,0.009031349776745273
2019-10-16,-0.0006713187583827875
2019-10-17,0.003343936081883105
2019-10-18,6.166960512236692e-05
2019-10-21,0.006529649681307765
2019-10-22,-0.0002998985093657921
2019-10-23,0.0004932424799978866
2019-10-24,0.0020689628353918895
2019-10-25,0.0014202036124509956
2019-10-28,0.0022613935742490363
2019-10-29,0.002343756990653648
2019-10-30,0.0018000116055168676
2019-10-31,-0.005578145497045423
2019-11-01,0.012650860658523944
2019-11-04,0.0030593561506069692
2019-11-05,-0.0013821488056250354
2019-11-06,-7.57355076995699e-05
2019-11-07,0.0029922838819042567
2019-11-08,0.0007049159354303354
2019-11-11,-0.0035101725342362544
2019-11-12,0.0011728458307410767
2019-11-13,0.00022150367687134666
2019-11-14,0.002298878221741507
2019-11-15,0.006820564400990629
2019-11-18,0.0014241453755996446
2019-11-19,0.0006880018363264875
2019-11-20,-0.003217689455712679
2019-11-21,-0.003461378502513274
2019-11-22,0.003342050793774735
2019-11-25,0.0068300003601230366
2019-11-26,0.0035660095755572383
2019-11-27,0.003705490244282457
2019-11-29,-0.004614796111383248
2019-12-02,-0.008423172023347737
2019-12-03,-0.007368549265275055
2019-12-04,0.007417179137290855
2019-12-05,0.0019687881191336578
2019-12-06,0.007251724145807224
2019-12-09,-0.0025402322091166067
2019-12-10,-0.0013650610141611175
2019-12-11,0.0027481838912312368
2019-12-12,0.01036240576280341
2019-12-13,-0.0006703990194402832
2019-12-16,0.005851097607327964
2019-12-17,-8.777715981282154e-06
2019-12-18,0.00042732299391875014
2019-12-19,0.003733588663261487
2019-12-20,0.0052509086851734825
2019-12-23,0.0004969997729914038
2019-12-24,0.00038812842820332903
2019-12-26,0.00274429595495203
2019-12-27,-0.00020404070291209472
2019-12-30,-0.004107480363193804
2019-12-31,0.003375764302305802
2020-01-02,0.0028124884156837116
2020-01-03,-0.005845660397849507
2020-01-06,0.0015036167010258135
2020-01-07,-0.00020341885277038927
2020-01-08,0.0039058011701310572
2020-01-09,0.004313162478986065
2020-01-10,-0.001691453372042968
2020-01-13,0.005410726630182303
2020-01-14,0.00224868836505867
2020-01-15,0.001717299222744869
2020-01-16,0.008887643391221993
2020-01-17,0.0015491967148358206
2020-01-21,-0.0054217686321260065
2020-01-22,-0.0011933327955487034
2020-01-23,0.002706587261543557
2020-01-24,-0.012687869697310615
2020-01-27,-0.01396775651949052
2020-01-28,0.008625160804389005
2020-01-29,-0.0030856308931696995
2020-01-30,0.0024780832323479086
2020-01-31,-0.019215786864672697
2020-02-03,0.005963770615104871
2020-02-04,0.014750422079702006
2020-02-05,0.014086414322385159
2020-02-06,-0.0002528586418512199
2020-02-07,-0.008157792420425924
2020-02-10,0.005553333772835094
2020-02-11,0.006243794592121631
2020-02-12,0.005936783218125753
2020-02-13,0.0008793038363186559
2020-02-14,0.0010863467089414108
2020-02-18,-0.0033490323448706985
2020-02-19,0.002477472698850609
2020-02-20,0.0007669435872912007
2020-02-21,-0.008042247897224734
2020-02-24,-0.030528489839200496
2020-02-25,-0.03542882855941829
2020-02-26,-0.013673295007124804
2020-02-27,-0.038443426264107836
2020-02-28,-0.0070926733180666545
2020-03-02,0.042154802703054266
2020-03-03,-0.024393417537940467
2020-03-04,0.03918491808241462
2020-03-05,-0.038124487639885685
2020-03-06,-0.021142762584005517
2020-03-09,-0.10369406969762635
2020-03-10,0.06259350289981154
2020-03-11,-0.05187990296064793
2020-03-12,-0.1183648920729492
2020-03-13,0.09699284771343672
2020-03-16,-0.1267075188002373
2020-03-17,0.036954454222652686
2020-03-18,-0.10372043232723016
2020-03-19,0.041471043772232645
2020-03-20,-0.04468790042495058
2020-03-23,-0.03628517464269584
2020-03-24,0.12569985559479008
2020-03-25,0.025950667724163382
2020-03-26,0.06571589206493675
2020-03-27,-0.03572139057032343
2020-03-30,0.023048460737795134
2020-03-31,-0.019441007230024183
2020-04-01,-0.05605694407616429
2020-04-02,0.012881622738516084
2020-04-03,-0.019220701340187517
2020-04-06,0.09311168625896304
2020-04-07,0.005302174310885284
2020-04-08,0.04090151735849092
2020-04-09,0.019501771399588988
2020-04-13,-0.013247962042252084
2020-04-14,0.025719834241512415
2020-04-15,-0.041480643425849895
2020-04-16,-0.008082568640387535
2020-04-17,0.05531760720216533
2020-04-20,-0.019539520440996896
2020-04-21,-0.02920290287038487
2020-04-22,0.018803564393875878
2020-04-23,0.005184603787681506
2020-04-24,0.01407201590003051
2020-04-27,0.021711599891563262
2020-04-28,0.0023741358805545875
2020-04-29,0.01794480461386399
2020-04-30,-0.015836656050809382
2020-05-01,-0.0348302499820689
2020-05-04,0.001973095191413755
2020-05-05,0.004130474133864548
2020-05-06,-0.015344991467886718
2020-05-07,0.0179245512151644
2020-05-08,0.024735414446621595
2020-05-11,-0.0038157567065251557
2020-05-12,-0.02673980112888093
2020-05-13,-0.02706571951572954
2020-05-14,0.013022177267862136
2020-05-15,0.003608058665077793
2020-05-18,0.05105273308388518
2020-05-19,-0.011259118565311818
2020-05-20,0.01783017371448929
2020-05-21,-0.003641786549247894
2020-05-22,0.001070860169171628
2020-05-26,0.037949141268544026
2020-05-27,0.018159823439505104
2020-05-28,-0.0010799226860287255
2020-05-29,-0.0014014779084793939
2020-06-01,0.009977058296928194
2020-06-02,0.011011368634761683
2020-06-03,0.01939685200575717
2020-06-04,-0.0017727595351369708
2020-06-05,0.02833249940794928
2020-06-08,0.016109442515248023
2020-06-09,-0.01510321058417014
2020-06-10,-0.01611605076353373
2020-06-11,-0.06709963042417608
2020-06-12,0.025813934770534012
2020-06-15,0.009589473691465377
2020-06-16,0.019275377005600412
2020-06-17,-0.006023197498187739
2020-06-18,-0.000819402892732161
2020-06-19,-0.009726182856519251
2020-06-22,0.004552289585059467
2020-06-23,0.002669446961155696
2020-06-24,-0.028829683451042292
2020-06-25,0.011127705510964106
2020-06-26,-0.017978911051643315
2020-06-29,0.022789826865123656
2020-06-30,0.016470898817443052
2020-07-01,0.001681597500115778
2020-07-02,0.007459543339193124
2020-07-06,0.008967957077853422
2020-07-07,-0.014388735890533692
2020-07-08,0.002430016451781928
2020-07-09,-0.015073877825864808
2020-07-10,0.02231854143960572
2020-07-13,-0.003193980768125404
2020-07-14,0.015801298350254116
2020-07-15,0.02152222849416782
2020-07-16,0.0006060588011485118
2020-07-17,0.003786837624040502
2020-07-20,-0.0070451845636474685
2020-07-21,0.011297277016151727
2020-07-22,0.009146965494957998
2020-07-23,-0.0005173302449485627
2020-07-24,-0.007209770758114466
2020-07-27,0.0038464996029420216
2020-07-28,-0.003596006278904442
2020-07-29,0.015570043583934582
2020-07-30,-0.0068893981898366955
2020-07-31,-0.0013440122082027618
2020-08-03,0.0025446131587825486
2020-08-04,0.007150581506600952
2020-08-05,0.008160318835099578
2020-08-06,0.00039967339183418936
2020-08-07,0.0117488053475437
2020-08-10,0.00944381265294652
2020-08-11,-0.005681338976712985
2020-08-12,0.008921799467128786
2020-08-13,-0.006096489236070421
2020-08-14,0.0026281020068907503
2020-08-17,0.00024984478719422006
2020-08-18,-0.0036318567292938824
2020-08-19,-0.004608359094966887
2020-08-20,-0.004045498519853182
2020-08-21,-0.0004909126826469965
2020-08-24,0.014507615434606646
2020-08-25,0.0007475090046478083
2020-08-26,-0.0022955225304650963
2020-08-27,0.006472400515962408
2020-08-28,0.007518291089946033
2020-08-31,-0.006580604417785193
2020-09-01,0.002712488927211694
2020-09-02,0.020147362976696077
2020-09-03,-0.020651261447645664
2020-09-04,-0.0018648162497237907
2020-09-08,-0.021596968115521836
2020-09-09,0.014329053363508345
2020-09-10,-0.013916764566315012
2020-09-11,0.005757101400749647
2020-09-14,0.015487174283245485
2020-09-15,0.0011700379744978534
2020-09-16,0.007170017075567725
2020-09-17,-0.00579623965941325
2020-09-18,-0.011684043034282792
2020-09-21,-0.022092656284245837
2020-09-22,0.004904093876002497
2020-09-23,-0.02235507222209384
2020-09-24,0.002921670595657779
2020-09-25,0.012505185458624658
2020-09-28,0.018377584447865098
2020-09-29,-0.005974782150285017
2020-09-30,0.00794623840445982
2020-10-01,0.0037879000205889163
2020-10-02,0.006771091771170802
2020-10-05,0.017112220582423995
2020-10-06,-0.009423716555290628
2020-10-07,0.016627130194907056
2020-10-08,0.015731668802654388
2020-10-09,0.0020451887628887295
2020-10-12,0.007499555852025343
2020-10-13,-0.010656748357088049
2020-10-14,-0.003644010471478953
2020-10-15,0.0023402511366794705
2020-10-16,0.00023531041063300855
2020-10-19,-0.014328843744849362
2020-10-20,0.006017139921873264
2020-10-21,-0.0027881031998799287
2020-10-22,0.015722651714878494
2020-10-23,0.003887113660163182
2020-10-26,-0.022043249910842857
2020-10-27,-0.011327958821615993
2020-10-28,-0.03197507051461482
2020-10-29,0.012690690381931055
2020-10-30,-0.0017207190570781856
2020-11-02,0.02073020584947942
2020-11-03,0.018380061989255438
2020-11-04,0.003619025177702765
2020-11-05,0.020242814167159607
2020-11-06,-0.004437999935883726
2020-11-09,0.049046870055243996
2020-11-10,0.008061503962713002
2020-11-11,0.0013103950332727233
2020-11-12,-0.01494882192382479
2020-11-13,0.021957809044392235
2020-11-16,0.011680963953938603
2020-11-17,-0.0055865125204284695
2020-11-18,-0.01145337122321001
2020-11-19,0.0040645613120088705
2020-11-20,-0.004966624550578885
2020-11-23,0.012987410827158555
2020-11-24,0.015789528030293883
2020-11-25,-0.003958294637569992
2020-11-27,5.261890552833259e-05
2020-11-30,-0.011133464221687157
2020-12-01,0.010191011401982863
2020-12-02,0.000754554546051324
2020-12-03,0.0002738222589600154
2020-12-04,0.013275291316827365
2020-12-07,-0.003130566799989624
2020-12-08,0.0031676267081006395
2020-12-09,-0.002012615226566399
2020-12-10,-0.0037677456040398857
2020-12-11,-0.0047327166121883535
2020-12-14,-0.007500460987649683
2020-12-15,0.015290951560420223
2020-12-16,-0.0014489346010761546
2020-12-17,0.006408095587596754
2020-12-18,-0.004864970024881382
2020-12-21,-0.006605792851707482
2020-12-22,-0.0040044331154006525
2020-12-23,0.006142597080546827
2020-12-24,0.0035980286023300596
2020-12-28,0.0029275579986775555
2020-12-29,-0.00423790348145465
2020-12-30,0.005880360545089966
2020-12-31,0.009837100998355127
2021-01-04,-0.01652008762903188
2021-01-05,0.006258871730646461
2021-01-06,0.02258763422975402
2021-01-07,0.007709173457959285
2021-01-08,0.001468037397955504
2021-01-11,-0.0004138444477342457
2021-01-12,0.0064963060395418605
2021-01-13,-0.0005398556744440964
2021-01-14,0.0018510502316650757
2021-01-15,-0.0038945260950342224
2021-01-19,0.004978877525520722
2021-01-20,0.007146920745680615
2021-01-21,-0.006109615391769612
2021-01-22,-0.0058816859187235315
2021-01-25,-0.001015048643227504
2021-01-26,-0.0035077491393070955
2021-01-27,-0.026422063481152693
2021-01-28,0.015195285468776862
2021-01-29,-0.014648499730270185
2021-02-01,0.013489560847381142
2021-02-02,0.011064436693701045
2021-02-03,0.0027069003114303745
2021-02-04,0.00953614032515631
2021-02-05,0.006112495185658203
2021-02-08,0.010894560563541126
2021-02-09,0.0011041092412702493
2021-02-10,0.001046572115113425
2021-02-11,-0.0007887620841646237
2021-02-12,0.005576835561302535
2021-02-16,-0.00029690729291085877
2021-02-17,-0.0004687953195174375
2021-02-18,-0.006008389171128458
2021-02-19,0.007210251103172281
2021-02-22,0.0014528968984614348
2021-02-23,0.0024086983597976933
2021-02-24,0.01063363734385106
2021-02-25,-0.017968609167
2021-02-26,-0.007004302366344586
2021-03-01,0.02353021020189312
2021-03-02,-0.001681086303578429
2021-03-03,-0.004878029896001046
2021-03-04,-0.012326737527230765
2021-03-05,0.02307154635208948
2021-03-08,0.00834859757035292
2021-03-09,0.008771585647614474
2021-03-10,0.01152726792860844
2021-03-11,0.005089772123501055
2021-03-12,0.00941542277040176
2021-03-15,0.009614814439946036
2021-03-16,-0.0076344118237278704
2021-03-17,0.004994628646009706
2021-03-18,-0.0063931207010945
2021-03-19,-0.0029324136330744857
2021-03-22,-0.0003015062860566384
2021-03-23,-0.013792928634017081
2021-03-24,-0.001613226591623008
2021-03-25,0.011764216136861893
2021-03-26,0.017891757237661777
2021-03-29,-0.0016821319096453865
2021-03-30,0.0019524883851198373
2021-03-31,-0.0013710805597312483
2021-04-01,0.008940482230067465
2021-04-05,0.011156875489291167
2021-04-06,0.0012753381124471486
2021-04-07,-0.001991549233372894
2021-04-08,0.0007921045121017659
2021-04-09,0.005599970063230362
2021-04-12,0.0011427813039615444
2021-04-13,-0.002131243971835875
2021-04-14,0.0031449974420451883
2021-04-15,0.010083947108999972
2021-04-16,0.005034338199753652
2021-04-19,-0.003931560397949924
2021-04-20,-0.006128889873029152
2021-04-21,0.013221281857115203
2021-04-22,-0.0065647923029693534
2021-04-23,0.009557762024742388
2021-04-26,0.0004492899314715937
2021-04-27,0.002287810342673223
2021-04-28,-0.00023250843367363073
2021-04-29,0.009262339993976033
2021-04-30,-0.006469649145487735
2021-05-03,0.007082072685019588
2021-05-04,-0.0013759610621739268
2021-05-05,0.0010860970393327327
2021-05-06,0.00854865695292138
2021-05-07,0.010219955435053059
2021-05-10,-2.6653343073613833e-05
2021-05-11,-0.011531847950087801
2021-05-12,-0.02163373310293256
2021-05-13,0.0161820053343498
2021-05-14,0.015535014695386824
2021-05-17,-0.0015215841521498338
2021-05-18,-0.008538168481066729
2021-05-19,-0.005524170363242281
2021-05-20,0.007042718495633853
2021-05-21,0.0021188481403477694
2021-05-24,0.006068353588837007
2021-05-25,-0.0054940920223203885
2021-05-26,0.004345374144327978
2021-05-27,0.0032888188866968208
2021-05-28,0.0023487361139328243
2021-06-01,0.006038159722428073
2021-06-02,0.00012795997251143323
2021-06-03,-9.200952692076175e-05
2021-06-04,0.005155036162160735
2021-06-07,-0.00047745255196586403
2021-06-08,0.0010743242780176694
2021-06-09,-0.0046219661055589625
2021-06-10,-0.00018180591933212946
2021-06-11,0.004470229856237366
2021-06-14,-0.004268848435769521
2021-06-15,0.0008247232908345073
2021-06-16,-0.007998980073688317
2021-06-17,-0.01271221799491137
2021-06-18,-0.018302247445188
2021-06-21,0.022095766082249158
2021-06-22,0.001266412723649331
2021-06-23,-0.001719900036804531
2021-06-24,0.00569860621276113
2021-06-25,0.007679651345804476
2021-06-28,-0.0061982150889576
2021-06-29,-0.0020873203301904264
2021-06-30,0.0038340087374237326
2021-07-01,0.007363566043558556
2021-07-02,0.0017890134158077516
2021-07-06,-0.009446936152244704
2021-07-07,0.0032500314857628644
2021-07-08,-0.00935711729574208
2021-07-09,0.016468910649760627
2021-07-12,0.0012545461244051622
2021-07-13,-0.009228435634605913
2021-07-14,-0.000998049316804506
2021-07-15,-0.001590663055086955
2021-07-16,-0.010448634776911558
2021-07-19,-0.02193183625455977
2021-07-20,0.021959871257415043
2021-07-21,0.006419341950491588
2021-07-22,-0.0028734377006874494
2021-07-23,0.007409081670197614
2021-07-26,0.005670906148589973
2021-07-27,0.0003431864987821979
2021-07-28,0.0002993749319257332
2021-07-29,0.006330365823139805
2021-07-30,-0.0034890478050174263
2021-08-02,-0.002482516973019336
2021-08-03,0.008229432604896544
2021-08-04,-0.010014747074939318
2021-08-05,0.007691742602466206
2021-08-06,0.004915746386503925
2021-08-09,-0.003003371499998154
2021-08-10,0.0067535344556398915
2021-08-11,0.006214942108164354
2021-08-12,-0.0005935390079914569
2021-08-13,-0.0001742828165490013
2021-08-16,0.00035343986101139466
2021-08-17,-0.008833431827669953
2021-08-18,-0.011779363952728246
2021-08-19,-0.001661547013846284
2021-08-20,0.0060560646449732075
2021-08-23,0.0057236077871639516
2021-08-24,0.0005596995025209093
2021-08-25,0.005542948536379764
2021-08-26,-0.006859550559875844
2021-08-27,0.011576868607591452
2021-08-30,-0.00021008537648184764
2021-08-31,0.0014676108223224606
2021-09-01,-6.621022370875054e-05
2021-09-02,0.006534704706321537
2021-09-03,-0.003773664428992407
2021-09-07,-0.00914390723470582
2021-09-08,0.0010677698937430898
2021-09-09,-0.00224353423527683
2021-09-10,-0.006498237682164368
2021-09-13,0.007035946748347865
2021-09-14,-0.007515548361197414
2021-09-15,0.010956406023906812
2021-09-16,-0.0017394228687532408
2021-09-17,-0.007216789117833848
2021-09-20,-0.015328120737046128
2021-09-21,-0.003246883925958943
2021-09-22,0.011401261477281249
2021-09-23,0.010868749093946002
2021-09-24,0.0006473812688358505
2021-09-27,0.0029116050901436636
2021-09-28,-0.01398153952013814
2021-09-29,0.0027135882993559596
2021-09-30,-0.017303066814647983
2021-10-01,0.010546487308090878
2021-10-04,-0.005868624895606389
2021-10-05,0.007453766182057375
2021-10-06,0.0019282620710494
2021-10-07,0.007980905231455906
2021-10-08,-0.0023727393359404035
2021-10-11,-0.005232032292762938
2021-10-12,-0.0012651367006839744
2021-10-13,0.002570767910654149
2021-10-14,0.01714143332875367
2021-10-15,0.0017054717575858934
2021-10-18,-0.00018275919190547524
2021-10-19,0.0055607413776558
2021-10-20,0.008387384816042882
2021-10-21,0.0008846149830664886
2021-10-22,0.003637398255128285
2021-10-25,0.0019095393316022643
2021-10-26,-0.0011886618510596962
2021-10-27,-0.014248478814552351
2021-10-28,0.009132297453975705
2021-10-29,-0.002217949224351415
2021-11-01,0.008094689494405508
2021-11-02,0.004525922467721619
2021-11-03,0.007804644972235777
2021-11-04,-0.0013407281030871898
2021-11-05,0.009013330924167494
2021-11-08,0.002973847865114133
2021-11-09,0.0017376418518665173
2021-11-10,-0.004166257920965574
2021-11-11,0.0014091344360479103
2021-11-12,0.00448726178537949
2021-11-15,0.0033238647092326506
2021-11-16,0.0006870746962729101
2021-11-17,-0.004912582717594759
2021-11-18,-0.0028613108131025824
2021-11-19,-0.008333778548554209
2021-11-22,0.0042247872609695435
2021-11-23,0.006042368674702582
2021-11-24,-0.0007052885080764188
2021-11-26,-0.02601914112391411
2021-11-29,0.0037838745604520676
2021-11-30,-0.02602081158234262
2021-12-01,-0.012546480532732083
2021-12-02,0.024599958890935122
2021-12-03,0.00017609742131661103
2021-12-06,0.01647686885995044
2021-12-07,0.015279439007444318
2021-12-08,0.002971517908210701
2021-12-09,-0.005487709840399193
2021-12-10,0.005550247296834629
2021-12-13,-0.007054450544201957
2021-12-14,-0.005613213724739458
2021-12-15,0.011695840992742481
2021-12-16,0.000697752431286942
2021-12-17,-0.011547810220633515
2021-12-20,-0.01439816965911953
2021-12-21,0.02156100637180178
2021-12-22,0.006617409016556473
2021-12-23,0.007471406004764389
2021-12-27,0.013456407644437306
2021-12-28,0.0030328323605538733
2021-12-29,0.0028594807982884234
2021-12-30,-0.0012490774004880732
2021-12-31,0.001043111161587994
2022-01-03,0.0024691627406420143
2022-01-04,0.006893711429571751
2022-01-05,-0.012678900063821061
2022-01-06,0.001095865067586143
2022-01-07,-0.0016172340402263805
2022-01-10,-0.005043247749981585
2022-01-11,0.008474481895518896
2022-01-12,0.0017020493273073175
2022-01-13,-0.002557606073063438
2022-01-14,-0.0022204552481807993
2022-01-18,-0.015168709088471656
2022-01-19,-0.009251319772131032
2022-01-20,-0.011235151369933541
2022-01-21,-0.014012726256006337
2022-01-24,0.005637699278865593
2022-01-25,-0.007793338826337318
2022-01-26,-0.006066951574479054
2022-01-27,-0.005074359057135293
2022-01-28,0.01631034516067817
2022-01-31,0.012307076561520093
2022-02-01,0.0071307459263159215
2022-02-02,0.009248646343039261
2022-02-03,-0.011629511850791823
2022-02-04,-0.002942562761310536
2022-02-07,0.0006916779189578113
2022-02-08,0.0077787707463025406
2022-02-09,0.016575903585234607
2022-02-10,-0.014155731549748337
2022-02-11,-0.01179436649724827
2022-02-14,-0.006702862825111332
2022-02-15,0.013652169604250029
2022-02-16,0.0018712647951081521
2022-02-17,-0.017852892706218232
2022-02-18,-0.0026724781904979475
2022-02-22,-0.008597635770146056
2022-02-23,-0.01758148751429942
2022-02-24,0.012228200321690615
2022-02-25,0.029066342192766843
2022-02-28,-0.006199283289074856
2022-03-01,-0.020132766580564475
2022-03-02,0.024258245012385448
2022-03-03,0.0019089490999909297
2022-03-04,-0.009792562399755065
2022-03-07,-0.03525079389457853
2022-03-08,-0.00413636158974665
2022-03-09,0.023292621323935194
2022-03-10,-0.001452765180039466
2022-03-11,-0.010770032103458392
2022-03-14,-0.0008313086047923007
2022-03-15,0.01620993539888753
2022-03-16,0.01648001661019828
2022-03-17,0.012746289934023634
2022-03-18,0.0057336362456928735
2022-03-21,0.0017301989333726067
2022-03-22,0.007694120225251808
2022-03-23,-0.008970274298079967
2022-03-24,0.01126608319299595
2022-03-25,0.01002979569131775
2022-03-28,0.004046556796037889
2022-03-29,0.012682765114115771
2022-03-30,-0.0010704730128532876
2022-03-31,-0.015348687244077766
2022-04-01,0.0035596430608410496
2022-04-04,0.0015882673209372082
2022-04-05,-0.007518083286458267
2022-04-06,-0.004344761758454025
2022-04-07,0.0016288864407790985
2022-04-08,0.0033812801366895854
2022-04-11,-0.008460843645152902
2022-04-12,-0.0030730442092996835
2022-04-13,0.009859880262943817
2022-04-14,-0.00458757504698767
2022-04-18,-0.0024495644501697084
2022-04-19,0.01737689410550558
2022-04-20,0.009728606499108653
2022-04-21,-0.014102719812645489
2022-04-22,-0.026632720268902798
2022-04-25,0.0019792007011338393
2022-04-26,-0.02064629190340591
2022-04-27,0.0003851075135776524
2022-04-28,0.017097367667074072
2022-04-29,-0.030260634829403724
2022-05-02,0.004926523625419311
2022-05-03,0.007341096121529637
2022-05-04,0.02601437033286116
2022-05-05,-0.027132658010562548
2022-05-06,-0.009275991519465194
2022-05-09,-0.026926897250348657
2022-05-10,-0.0006424657995550766
2022-05-11,-0.010468894890503077
2022-05-12,0.005410800679665268
2022-05-13,0.02168199989717608
2022-05-16,0.00038151836319079966
2022-05-17,0.022535984610339375
2022-05-18,-0.037649225151951196
2022-05-19,-0.0033854295853519164
2022-05-20,-0.001549159153501464
2022-05-23,0.015258025981305875
2022-05-24,-0.002715576303569244
2022-05-25,0.013376250327035901
2022-05-26,0.017008720098349
2022-05-27,0.018324249839277815
